{"initial_reset_timestamp": 1544992351.074035, "timestamps": [1544992351.0896506, 1544992351.0896506, 1544992351.1078699, 1544992351.1188135, 1544992351.1287873, 1544992351.1349978, 1544992351.1349978, 1544992351.1506476, 1544992351.1506476, 1544992351.1662734, 1544992351.1662734, 1544992351.1818876, 1544992351.1975102, 1544992351.1975102, 1544992351.2131302, 1544992351.2131302, 1544992351.228752, 1544992351.228752, 1544992351.2476437, 1544992351.2586465, 1544992351.2686205, 1544992351.277563, 1544992351.2865753, 1544992351.2975428, 1544992351.3055215, 1544992351.315477, 1544992351.3254359, 1544992351.335409, 1544992351.3444192, 1544992351.356378, 1544992351.3663628, 1544992351.374341, 1544992351.384314, 1544992351.3932872, 1544992351.4022622, 1544992351.4112422, 1544992351.4212139, 1544992351.4301813, 1544992351.4391634, 1544992351.4491377, 1544992351.4581127, 1544992351.468086, 1544992351.4770625, 1544992351.4880357, 1544992351.497974, 1544992351.50698, 1544992351.5169559, 1544992351.5259352, 1544992351.5349076, 1544992351.5438864], "episode_lengths": [200, 200, 200, 200, 200, 200, 200, 200, 200, 200, 200, 200, 200, 200, 200, 200, 200, 200, 200, 200, 200, 200, 200, 200, 200, 200, 200, 200, 200, 200, 200, 200, 200, 200, 200, 200, 200, 200, 200, 200, 200, 200, 200, 200, 200, 200, 200, 200, 200, 200], "episode_rewards": [-1248.5205270498125, -867.196691963204, -1531.5086666906482, -1110.5510374551495, -863.9153718752952, -871.6421651695437, -877.6149882745797, -895.2099085391949, -1817.6432404595503, -1027.7140185204094, -1181.3185282893166, -1824.6937610159107, -969.4714179174474, -1557.808608129537, -1178.1334692512887, -835.0975872795726, -1220.1815327141242, -1076.2518635468775, -992.7953239606729, -1144.928533418599, -1125.746386229117, -1107.2175400670942, -1180.9842136981028, -1195.2726763160904, -1740.0011730694882, -1487.590326124454, -1190.742812856725, -865.008973587741, -1794.939714857652, -1473.3771654739564, -1593.572537884527, -695.0814616157746, -1513.6800571861613, -1667.1563306168032, -1654.6326973973335, -1002.7798353279045, -1465.2897217969753, -866.9768860853993, -1307.677087897681, -958.4825426445359, -888.0415995287707, -872.7219069695167, -1529.1055914580222, -777.3802701928516, -891.4094066316673, -1745.2560489098544, -1314.6318899125617, -1031.5670210659523, -1002.1482977170515, -1757.408833033923], "episode_types": ["t", "t", "t", "t", "t", "t", "t", "t", "t", "t", "t", "t", "t", "t", "t", "t", "t", "t", "t", "t", "t", "t", "t", "t", "t", "t", "t", "t", "t", "t", "t", "t", "t", "t", "t", "t", "t", "t", "t", "t", "t", "t", "t", "t", "t", "t", "t", "t", "t", "t", "t"]}