{"initial_reset_timestamp": 1544792522.9996643, "timestamps": [1544792523.13422, 1544792523.2040265, 1544792523.321712, 1544792523.4234438, 1544792523.4703174, 1544792523.604926, 1544792523.7715104, 1544792523.891856, 1544792524.0008447, 1544792524.1258152, 1544792524.2315307, 1544792524.3460069, 1544792524.4501789, 1544792524.5594947, 1544792524.6545637, 1544792524.7836196, 1544792524.7992013, 1544792524.8454263, 1544792524.8554993, 1544792524.8804488, 1544792524.9363232, 1544792524.9996939, 1544792525.0153155, 1544792525.030935, 1544792525.1246638, 1544792525.236401, 1544792525.273676, 1544792525.289296, 1544792525.3874416, 1544792525.4030628, 1544792525.5301769, 1544792525.6266556, 1544792525.6937175, 1544792525.8303823, 1544792525.8786612, 1544792525.999263, 1544792526.0315816, 1544792526.1583943, 1544792526.2748184, 1544792526.3072138, 1544792526.3228712, 1544792526.4661272, 1544792526.5598755, 1544792526.5910995, 1544792526.6807232, 1544792526.7196248, 1544792526.840095, 1544792526.8713694, 1544792526.8880563, 1544792526.919335, 1544792526.950443, 1544792526.9614086, 1544792527.084535, 1544792527.2069056, 1544792527.3307369, 1544792527.3430626, 1544792527.4064233, 1544792527.5255797, 1544792527.619308, 1544792527.7425115, 1544792527.8611133, 1544792527.9700193, 1544792527.9856727, 1544792528.0012941, 1544792528.0325365, 1544792528.1772244, 1544792528.2579653, 1544792528.3048325, 1544792528.4186337, 1544792528.465495, 1544792528.4811232, 1544792528.5938737, 1544792528.7255502, 1544792528.8489316, 1544792528.965452, 1544792528.9826076, 1544792529.0451255, 1544792529.171152, 1544792529.195082, 1544792529.2429707], "episode_lengths": [418, 290, 500, 426, 188, 500, 500, 500, 447, 500, 413, 469, 500, 323, 259, 500, 55, 154, 61, 82, 246, 285, 57, 72, 344, 467, 176, 62, 445, 53, 500, 357, 243, 500, 210, 500, 133, 500, 500, 129, 42, 500, 270, 71, 255, 185, 500, 77, 72, 145, 85, 40, 500, 500, 454, 102, 269, 500, 352, 500, 500, 500, 50, 48, 163, 500, 409, 186, 500, 178, 32, 500, 500, 500, 500, 141, 200, 500, 102, 240], "episode_rewards": [0.024338547106108985, 0.01028033836967468, 0.017365037408875586, 0.02376764377183717, 0.007002437422185537, 0.017073073957151075, 0.006393255502077869, 0.023484742355754783, 0.010571218415889927, 0.008059251451324023, 0.006470130438007482, 0.028319490586098728, 0.006997535749186268, 0.016825408197931213, 0.014504611878135343, 0.009466845639476418, 0.001665157392750416, 0.0088048405371867, 0.0023666941018446602, 0.000537719478931109, 0.010541831475202823, 0.03775333384190127, 0.002198401451656118, 0.020004353704148325, 0.013061849427260519, 0.018825057193977448, 0.009723825881197246, 0.001836093651229831, 0.017192068672374994, 0.001125765674197865, 0.012227603865590297, 0.007121380733619884, 0.019197851667928978, 0.01598055599630689, 0.022596025346738546, 0.012746934505691088, 0.004617056999829742, 0.012352955687940703, 0.010213006497899357, 0.006630181992118511, 0.0024695742663300053, 0.026980965730106887, 0.009258016055346562, 0.0003462055561382904, 0.00903579046411948, 0.003956922661165971, 0.02366696126083448, 0.00134847142647187, 0.0006363634343313218, 0.003609815524125426, 0.0016603934137258136, 0.000499891264512331, 0.007162598791403241, 0.017012078787102897, 0.009641739727892507, 0.0012481331365410409, 0.012135927460293128, 0.009097438539947877, 0.019147191906641076, 0.01796039897517278, 0.021872069601855004, 0.00872400775273191, 0.004202705605172245, 0.0008355447855489528, 0.06084873313226477, 0.020510000943645856, 0.010087709838426218, 0.005226693205760413, 0.017168756437689225, 0.0026852209182480565, 0.00036689376911880345, 0.017482614322191836, 0.011484031415963214, 0.018040469444381202, 0.03793673610637181, 0.005827370178713487, 0.0018981810180225267, 0.0155725707544343, 0.0002612962369425986, 0.006018321060940052], "episode_types": ["t", "t", "t", "t", "t", "t", "t", "t", "t", "t", "t", "t", "t", "t", "t", "t", "t", "t", "t", "t", "t", "t", "t", "t", "t", "t", "t", "t", "t", "t", "t", "t", "t", "t", "t", "t", "t", "t", "t", "t", "t", "t", "t", "t", "t", "t", "t", "t", "t", "t", "t", "t", "t", "t", "t", "t", "t", "t", "t", "t", "t", "t", "t", "t", "t", "t", "t", "t", "t", "t", "t", "t", "t", "t", "t", "t", "t", "t", "t", "t", "t"]}